DATE,"BlackRock, Inc.",Jefferies Financial Group Inc.,Sun Life Financial Inc.
3/2/2015,376.42,22.18,30.89
3/3/2015,373.66,22.46,30.76
3/4/2015,369.14,22.27,31.13
3/5/2015,369.94,22.43,31.38
3/6/2015,365.47,21.91,31.42
3/9/2015,364.59,21.90,31.27
3/10/2015,356.19,21.57,30.47
3/11/2015,358.41,21.77,30.62
3/12/2015,368.71,22.10,31.47
3/13/2015,367.74,22.08,31.15
3/16/2015,374.08,22.26,31.73
3/17/2015,374.26,21.66,31.69
3/18/2015,377.76,21.89,31.95
3/19/2015,369.95,21.60,31.39
3/20/2015,378.64,21.58,32.53
3/23/2015,374.33,21.76,32.22
3/24/2015,369.10,21.58,32.50
3/25/2015,363.92,21.23,31.98
3/26/2015,362.15,20.83,31.79
3/27/2015,361.63,20.75,31.04
3/30/2015,368.10,20.91,30.88
3/31/2015,365.84,20.87,30.82
4/1/2015,362.57,20.87,30.73
4/2/2015,366.40,21.04,31.17
4/6/2015,366.98,21.45,31.36
4/7/2015,368.62,21.39,31.50
4/8/2015,369.71,21.43,31.62
4/9/2015,371.53,21.53,31.60
4/10/2015,369.45,21.60,31.34
4/13/2015,369.69,21.61,31.33
4/14/2015,373.66,21.55,31.79
4/15/2015,376.66,21.60,32.57
4/16/2015,372.18,21.43,32.63
4/17/2015,365.40,21.26,32.03
4/20/2015,369.71,21.42,32.14
4/21/2015,367.52,21.31,31.77
4/22/2015,369.51,21.26,31.98
4/23/2015,371.93,21.31,32.37
4/24/2015,372.98,21.58,32.50
4/27/2015,371.89,21.77,32.50
4/28/2015,377.85,22.09,32.79
4/29/2015,366.67,22.28,32.76
4/30/2015,363.94,22.25,32.03
5/1/2015,368.64,22.43,32.15
5/4/2015,370.27,22.49,32.82
5/5/2015,366.05,22.25,32.66
5/6/2015,363.40,21.99,33.31
5/7/2015,365.68,22.02,33.74
5/8/2015,370.04,22.47,33.86
5/11/2015,367.78,22.48,33.85
5/12/2015,365.17,22.40,34.11
5/13/2015,365.13,22.43,33.94
5/14/2015,371.47,22.52,33.76
5/15/2015,370.85,22.51,33.63
5/18/2015,370.71,22.71,33.35
5/19/2015,371.08,22.77,33.53
5/20/2015,370.25,23.24,33.36
5/21/2015,368.22,23.38,33.56
5/22/2015,368.08,23.33,32.60
5/26/2015,365.03,23.04,32.05
5/27/2015,368.68,23.10,32.15
5/28/2015,369.51,23.37,32.18
5/29/2015,365.78,23.06,31.96
6/1/2015,364.27,22.96,31.81
6/2/2015,363.40,23.00,32.17
6/3/2015,364.95,23.25,32.69
6/4/2015,357.83,22.72,32.61
6/5/2015,355.32,23.00,33.10
6/8/2015,353.45,22.98,33.02
6/9/2015,352.73,22.79,33.73
6/10/2015,355.61,23.05,34.83
6/11/2015,356.81,22.92,34.70
6/12/2015,353.43,22.63,34.30
6/15/2015,355.28,22.49,34.19
6/16/2015,357.28,22.48,34.33
6/17/2015,357.30,22.26,34.52
6/18/2015,360.88,22.66,34.53
6/19/2015,359.19,22.63,33.71
6/22/2015,358.96,22.84,33.90
6/23/2015,360.15,22.85,34.35
6/24/2015,355.57,22.77,34.50
6/25/2015,351.13,22.52,34.85
6/26/2015,354.47,23.00,34.87
6/29/2015,344.54,22.58,33.59
6/30/2015,345.98,22.73,33.40
7/1/2015,347.40,22.83,33.55
7/2/2015,345.40,22.96,33.33
7/6/2015,342.81,22.84,32.98
7/7/2015,342.61,23.01,32.92
7/8/2015,334.12,22.63,32.51
7/9/2015,336.89,22.80,32.32
7/10/2015,339.46,23.18,33.02
7/13/2015,344.26,23.57,33.23
7/14/2015,342.73,23.59,33.24
7/15/2015,346.49,23.33,33.17
7/16/2015,354.28,23.38,33.04
7/17/2015,354.54,23.26,33.10
7/20/2015,353.10,23.17,32.80
7/21/2015,351.82,23.00,32.98
7/22/2015,350.00,22.48,32.50
7/23/2015,346.44,22.19,32.02
7/24/2015,341.41,21.90,31.77
7/27/2015,336.24,21.89,31.50
7/28/2015,336.84,22.22,31.96
7/29/2015,339.84,22.22,32.75
7/30/2015,338.75,22.32,32.82
7/31/2015,336.32,22.02,32.62
8/3/2015,334.70,21.83,32.36
8/4/2015,332.44,21.82,32.57
8/5/2015,334.69,21.57,32.46
8/6/2015,333.07,21.41,34.51
8/7/2015,331.85,21.66,34.21
8/10/2015,335.59,21.89,34.74
8/11/2015,330.00,21.50,34.54
8/12/2015,327.13,21.66,34.11
8/13/2015,325.91,21.57,33.74
8/14/2015,328.14,21.86,33.81
8/17/2015,329.33,21.81,33.77
8/18/2015,328.72,21.67,33.77
8/19/2015,323.26,21.52,33.25
8/20/2015,317.06,20.87,32.58
8/21/2015,307.27,20.05,31.11
8/24/2015,299.17,19.23,29.59
8/25/2015,294.66,19.12,30.03
8/26/2015,303.09,19.41,31.06
8/27/2015,314.47,20.33,31.86
8/28/2015,311.23,20.13,31.76
8/31/2015,302.47,20.09,31.87
9/1/2015,294.30,19.39,30.79
9/2/2015,298.53,19.53,30.97
9/3/2015,300.26,19.60,31.47
9/4/2015,294.24,19.02,31.02
9/8/2015,301.43,19.58,31.31
9/9/2015,296.77,19.40,30.99
9/10/2015,301.31,19.58,32.04
9/11/2015,303.31,19.49,32.09
9/14/2015,301.06,19.03,32.13
9/15/2015,307.90,19.24,32.26
9/16/2015,313.51,19.31,32.79
9/17/2015,311.63,19.11,32.25
9/18/2015,308.87,18.99,31.50
9/21/2015,312.39,18.82,32.74
9/22/2015,304.33,18.96,32.00
9/23/2015,303.26,18.87,31.60
9/24/2015,300.51,18.93,31.56
9/25/2015,302.98,18.96,32.04
9/28/2015,294.06,18.65,31.37
9/29/2015,293.52,18.80,31.71
9/30/2015,297.47,18.96,32.26
10/1/2015,295.92,18.35,32.39
10/2/2015,303.36,18.42,32.36
10/5/2015,313.61,18.80,33.40
10/6/2015,312.73,19.01,33.88
10/7/2015,320.64,19.61,33.97
10/8/2015,318.57,19.76,34.29
10/9/2015,318.11,19.72,34.26
10/12/2015,315.66,19.33,34.21
10/13/2015,315.12,19.04,34.02
10/14/2015,322.47,18.80,33.59
10/15/2015,325.63,19.04,33.78
10/16/2015,330.83,19.18,33.74
10/19/2015,327.88,19.09,33.70
10/20/2015,327.15,18.98,33.92
10/21/2015,321.98,18.63,33.81
10/22/2015,335.35,18.86,34.02
10/23/2015,340.79,18.91,34.28
10/26/2015,337.02,18.75,34.14
10/27/2015,335.57,18.82,33.96
10/28/2015,346.32,18.81,34.60
10/29/2015,349.86,18.72,34.23
10/30/2015,351.97,18.73,33.71
11/2/2015,354.57,18.84,33.85
11/3/2015,358.47,18.80,34.07
11/4/2015,356.49,18.69,33.93
11/5/2015,357.30,18.10,33.29
11/6/2015,356.70,18.23,33.86
11/9/2015,349.57,17.69,33.78
11/10/2015,350.27,17.72,33.80
11/11/2015,350.50,17.59,33.72
11/12/2015,345.74,17.25,32.98
11/13/2015,343.25,16.86,32.54
11/16/2015,352.33,17.24,32.83
11/17/2015,353.42,16.95,32.82
11/18/2015,360.63,17.18,33.03
11/19/2015,359.09,16.96,33.65
11/20/2015,362.46,16.91,33.37
11/23/2015,363.25,16.90,32.66
11/24/2015,356.81,16.86,32.87
11/25/2015,360.62,16.80,32.68
11/27/2015,358.39,16.74,32.75
11/30/2015,363.72,16.55,33.00
12/1/2015,361.73,16.61,33.60
12/2/2015,358.92,16.85,33.39
12/3/2015,352.00,16.81,33.14
12/4/2015,360.76,16.66,33.15
12/7/2015,355.47,16.41,32.16
12/8/2015,348.94,16.51,31.94
12/9/2015,344.57,16.21,31.72
12/10/2015,345.25,16.12,32.31
12/11/2015,322.78,15.57,31.11
12/14/2015,319.60,15.05,31.11
12/15/2015,329.54,15.88,31.45
12/16/2015,331.00,15.44,31.85
12/17/2015,330.21,15.31,31.29
12/18/2015,321.47,15.41,30.93
12/21/2015,325.55,15.55,30.98
12/22/2015,330.51,15.77,31.06
12/23/2015,339.64,16.32,31.68
12/24/2015,337.40,16.22,31.78
12/28/2015,342.45,15.92,31.60
12/29/2015,343.60,16.06,32.19
12/30/2015,342.05,16.01,31.66
12/31/2015,340.52,16.28,31.20
1/4/2016,333.10,15.93,30.57
1/5/2016,333.96,15.97,30.23
1/6/2016,330.16,15.73,29.64
1/7/2016,315.73,15.49,28.24
1/8/2016,307.78,14.94,28.30
1/11/2016,308.32,14.88,27.97
1/12/2016,313.59,14.67,28.07
1/13/2016,304.61,14.42,27.37
1/14/2016,310.00,15.09,27.74
1/15/2016,296.58,14.73,26.49
1/19/2016,294.00,14.92,26.22
1/20/2016,292.00,15.24,26.12
1/21/2016,289.90,15.45,26.77
1/22/2016,300.56,15.75,27.70
1/25/2016,289.72,15.43,26.75
1/26/2016,299.26,15.30,27.25
1/27/2016,302.12,15.17,27.53
1/28/2016,299.17,15.15,28.13
1/29/2016,314.26,15.50,28.50
2/1/2016,312.25,15.49,28.35
2/2/2016,301.21,14.97,27.41
2/3/2016,304.06,15.33,27.92
2/4/2016,313.70,15.36,28.59
2/5/2016,307.75,15.01,28.25
2/8/2016,293.46,14.46,27.62
2/9/2016,294.53,14.00,27.33
2/10/2016,298.56,13.97,27.26
2/11/2016,294.21,13.68,26.72
2/12/2016,306.80,13.84,28.04
2/16/2016,314.47,13.84,28.51
2/17/2016,319.88,14.26,29.93
2/18/2016,315.97,14.02,29.80
2/19/2016,314.29,13.82,29.39
2/22/2016,316.45,14.08,29.39
2/23/2016,309.86,13.82,29.17
2/24/2016,307.98,13.69,28.97
2/25/2016,313.62,13.69,29.76
2/26/2016,313.92,13.88,30.08
2/29/2016,311.96,13.53,29.77
3/1/2016,322.57,14.28,30.64
3/2/2016,326.73,14.57,30.23
3/3/2016,323.14,14.59,30.31
3/4/2016,323.76,14.69,30.44
3/7/2016,326.73,14.84,30.58
3/8/2016,320.40,14.44,30.54
3/9/2016,328.31,14.22,30.95
3/10/2016,324.99,14.12,30.44
3/11/2016,339.65,14.28,31.45
3/14/2016,337.82,14.41,31.16
3/15/2016,334.13,13.59,31.01
3/16/2016,334.07,14.21,31.55
3/17/2016,341.94,14.78,32.44
3/18/2016,342.56,15.56,32.19
3/21/2016,341.98,15.50,32.08
3/22/2016,340.22,15.29,32.01
3/23/2016,339.23,14.98,31.50
3/24/2016,334.28,15.01,31.37
3/28/2016,336.91,14.86,31.82
3/29/2016,339.91,14.83,31.60
3/30/2016,341.37,14.91,32.13
3/31/2016,340.57,15.14,32.27
4/1/2016,342.53,15.19,32.15
4/4/2016,338.52,15.03,32.04
4/5/2016,334.80,14.96,31.47
4/6/2016,337.20,15.13,31.79
4/7/2016,328.37,14.54,31.14
4/8/2016,331.60,14.43,31.80
4/11/2016,332.96,14.67,31.96
4/12/2016,339.31,15.03,32.68
4/13/2016,348.29,15.61,32.94
4/14/2016,354.91,15.82,33.05
4/15/2016,357.74,15.78,33.02
4/18/2016,358.00,15.81,33.35
4/19/2016,364.66,15.89,33.88
4/20/2016,366.92,15.91,33.98
4/21/2016,364.09,15.88,33.65
4/22/2016,365.47,15.92,34.01
4/25/2016,363.66,15.81,33.93
4/26/2016,365.96,16.20,34.21
4/27/2016,367.47,16.23,34.36
4/28/2016,358.83,15.87,34.25
4/29/2016,356.33,15.61,34.10
5/2/2016,361.50,15.85,34.31
5/3/2016,355.69,15.42,33.15
5/4/2016,352.17,15.18,32.84
5/5/2016,352.08,15.52,32.93
5/6/2016,356.01,15.89,32.79
5/9/2016,355.01,15.65,32.56
5/10/2016,360.18,16.58,33.18
5/11/2016,353.82,16.55,33.54
5/12/2016,355.60,16.45,33.90
5/13/2016,347.29,16.37,33.59
5/16/2016,351.83,16.40,33.77
5/17/2016,348.82,16.35,33.78
5/18/2016,353.49,16.55,34.06
5/19/2016,350.57,16.65,33.60
5/20/2016,354.01,16.56,34.13
5/23/2016,353.90,16.35,33.88
5/24/2016,361.18,16.64,34.60
5/25/2016,364.09,16.76,35.12
5/26/2016,363.10,16.75,34.90
5/27/2016,365.09,16.82,34.78
5/31/2016,363.85,16.94,34.49
6/1/2016,364.59,16.93,34.55
6/2/2016,361.11,16.88,34.44
6/3/2016,359.37,16.44,34.29
6/6/2016,362.06,16.65,34.66
6/7/2016,359.06,16.79,34.70
6/8/2016,360.35,16.85,35.40
6/9/2016,357.96,16.56,34.92
6/10/2016,346.97,16.21,34.20
6/13/2016,344.59,16.14,33.91
6/14/2016,339.79,15.74,33.57
6/15/2016,339.55,15.88,33.17
6/16/2016,339.46,15.81,33.42
6/17/2016,341.88,15.94,33.56
6/20/2016,348.43,16.00,34.05
6/21/2016,348.00,15.94,34.26
6/22/2016,347.67,16.05,33.95
6/23/2016,356.85,16.83,34.63
6/24/2016,332.51,15.24,32.32
6/27/2016,319.54,14.65,30.81
6/28/2016,323.96,15.16,31.30
6/29/2016,336.74,15.62,32.46
6/30/2016,342.53,16.22,32.83
7/1/2016,341.28,16.35,32.98
7/5/2016,336.08,15.80,31.88
7/6/2016,336.11,16.14,31.45
7/7/2016,335.11,16.07,31.37
7/8/2016,345.20,16.34,31.53
7/11/2016,347.50,16.30,31.67
7/12/2016,357.37,16.47,32.27
7/13/2016,357.50,16.65,32.31
7/14/2016,355.19,16.72,32.93
7/15/2016,356.85,16.69,32.86
7/18/2016,357.78,16.79,33.03
7/19/2016,356.58,16.77,32.79
7/20/2016,359.78,16.88,33.15
7/21/2016,359.50,16.92,32.92
7/22/2016,363.05,17.00,33.15
7/25/2016,361.42,16.98,32.80
7/26/2016,361.93,16.96,33.03
7/27/2016,363.31,17.01,32.80
7/28/2016,363.37,16.98,32.87
7/29/2016,366.25,17.09,32.98
8/1/2016,368.32,16.92,32.63
8/2/2016,367.08,16.66,32.42
8/3/2016,368.16,16.85,32.75
8/4/2016,366.25,17.46,32.20
8/5/2016,374.75,17.65,32.41
8/8/2016,371.69,17.61,32.42
8/9/2016,368.65,17.60,32.58
8/10/2016,366.44,17.63,32.26
8/11/2016,367.39,17.58,32.08
8/12/2016,366.60,17.47,32.11
8/15/2016,370.74,17.71,32.16
8/16/2016,367.07,17.62,31.89
8/17/2016,370.10,17.63,32.06
8/18/2016,370.79,17.65,32.10
8/19/2016,372.05,17.50,32.27
8/22/2016,371.55,17.45,31.96
8/23/2016,372.28,17.49,32.26
8/24/2016,369.12,17.38,32.11
8/25/2016,368.50,17.63,32.19
8/26/2016,371.09,17.62,32.14
8/29/2016,373.80,17.82,31.83
8/30/2016,376.00,17.87,32.05
8/31/2016,372.81,17.93,31.53
9/1/2016,372.17,17.68,31.56
9/2/2016,373.85,17.81,31.72
9/6/2016,371.59,17.64,31.71
9/7/2016,373.54,17.97,31.61
9/8/2016,372.38,18.23,31.48
9/9/2016,362.18,17.77,31.47
9/12/2016,368.10,18.14,31.26
9/13/2016,360.91,17.79,30.63
9/14/2016,360.70,17.64,30.78
9/15/2016,365.50,17.86,31.53
9/16/2016,365.97,17.76,31.41
9/19/2016,367.96,17.75,31.71
9/20/2016,365.71,17.71,31.91
9/21/2016,370.37,17.93,32.45
9/22/2016,373.87,17.85,32.87
9/23/2016,365.65,17.64,32.31
9/26/2016,360.70,17.42,31.70
9/27/2016,361.79,17.56,31.87
9/28/2016,361.68,17.65,32.35
9/29/2016,357.23,17.54,32.18
9/30/2016,362.46,17.82,32.54
10/3/2016,360.07,17.73,32.32
10/4/2016,356.03,17.65,32.38
10/5/2016,358.24,18.07,32.89
10/6/2016,356.80,18.30,32.89
10/7/2016,357.21,18.30,32.45
10/10/2016,358.80,18.26,32.71
10/11/2016,351.87,18.04,32.62
10/12/2016,351.10,18.16,32.76
10/13/2016,349.34,17.69,32.77
10/14/2016,354.91,17.76,33.09
10/17/2016,354.60,17.44,33.11
10/18/2016,356.59,17.75,33.50
10/19/2016,352.72,17.60,33.45
10/20/2016,349.17,17.60,33.24
10/21/2016,345.55,17.56,33.18
10/24/2016,343.14,17.63,33.26
10/25/2016,341.54,17.47,32.92
10/26/2016,340.15,17.60,33.45
10/27/2016,340.28,17.51,33.56
10/28/2016,339.69,17.51,33.39
10/31/2016,341.24,17.48,33.48
11/1/2016,340.96,17.39,33.27
11/2/2016,338.61,17.15,33.22
11/3/2016,341.14,16.94,33.32
11/4/2016,345.80,16.77,33.06
11/7/2016,357.64,17.47,33.78
11/8/2016,353.49,17.61,33.91
11/9/2016,364.42,18.39,34.63
11/10/2016,375.01,18.91,37.75
11/11/2016,371.19,19.45,37.43
11/14/2016,373.81,19.43,38.44
11/15/2016,372.15,19.54,38.32
11/16/2016,367.45,19.42,37.94
11/17/2016,371.37,19.45,38.20
11/18/2016,372.78,19.65,38.48
11/21/2016,374.57,19.71,39.34
11/22/2016,373.06,19.69,39.40
11/23/2016,372.99,19.94,39.53
11/25/2016,373.67,19.99,39.60
11/28/2016,368.65,19.75,38.48
11/29/2016,368.55,19.97,38.27
11/30/2016,370.79,20.61,38.40
12/1/2016,377.20,21.31,39.43
12/2/2016,371.36,21.11,39.03
12/5/2016,374.35,21.49,38.79
12/6/2016,373.97,21.51,38.68
12/7/2016,379.81,21.91,39.02
12/8/2016,390.33,22.38,39.21
12/9/2016,388.54,22.47,39.42
12/12/2016,390.28,22.35,39.17
12/13/2016,392.64,21.99,39.29
12/14/2016,390.00,22.02,38.56
12/15/2016,393.75,22.08,39.06
12/16/2016,392.62,21.96,38.66
12/19/2016,389.77,21.89,38.32
12/20/2016,398.45,22.36,39.25
12/21/2016,393.53,22.26,39.09
12/22/2016,387.12,22.00,38.65
12/23/2016,385.74,22.04,38.21
12/27/2016,387.49,21.99,38.17
12/28/2016,381.03,21.74,37.93
12/29/2016,379.00,21.72,38.12
12/30/2016,380.54,21.76,38.41
1/3/2017,386.43,21.81,38.79
1/4/2017,386.66,22.14,39.34
1/5/2017,382.54,21.95,39.43
1/6/2017,384.30,22.03,39.46
1/9/2017,380.42,21.74,38.90
1/10/2017,380.31,22.10,39.01
1/11/2017,380.95,22.27,39.68
1/12/2017,378.29,21.85,39.21
1/13/2017,379.35,21.96,40.09
1/17/2017,374.80,21.39,40.21
1/18/2017,378.00,21.72,39.71
1/19/2017,377.35,21.46,39.47
1/20/2017,381.40,21.65,39.74
1/23/2017,378.06,21.45,38.94
1/24/2017,381.38,21.89,39.24
1/25/2017,388.33,22.48,39.89
1/26/2017,379.42,22.70,39.78
1/27/2017,375.06,22.39,39.35
1/30/2017,375.18,22.22,39.15
1/31/2017,373.98,22.33,39.46
2/1/2017,373.00,22.41,39.13
2/2/2017,371.64,22.21,38.51
2/3/2017,378.00,22.79,38.82
2/6/2017,377.42,22.85,38.53
2/7/2017,376.89,22.13,38.42
2/8/2017,374.56,21.92,38.33
2/9/2017,378.57,22.37,38.90
2/10/2017,382.89,22.48,39.46
2/13/2017,385.83,22.73,39.92
2/14/2017,384.98,23.32,40.00
2/15/2017,393.04,23.40,40.27
2/16/2017,391.97,23.71,38.19
2/17/2017,388.76,23.93,38.08
2/21/2017,390.10,24.07,37.34
2/22/2017,390.71,24.07,37.31
2/23/2017,390.61,24.08,37.17
2/24/2017,389.16,24.05,36.80
2/27/2017,391.00,24.47,37.17
2/28/2017,387.46,24.92,36.40
3/1/2017,397.81,25.46,36.49
3/2/2017,391.65,24.85,36.17
3/3/2017,390.17,24.97,36.42
3/6/2017,387.66,24.83,36.43
3/7/2017,385.35,24.96,36.55
3/8/2017,384.55,25.03,36.68
3/9/2017,384.27,25.04,36.57
3/10/2017,384.58,25.04,36.64
3/13/2017,384.89,25.21,36.77
3/14/2017,383.29,25.08,36.27
3/15/2017,388.22,25.22,36.66
3/16/2017,390.00,24.96,37.21
3/17/2017,382.85,24.66,36.97
3/20/2017,380.45,24.60,36.66
3/21/2017,375.16,24.20,35.89
3/22/2017,375.47,24.12,35.58
3/23/2017,375.40,24.13,36.20
3/24/2017,374.41,24.08,36.16
3/27/2017,375.00,23.98,36.15
3/28/2017,380.63,24.43,36.58
3/29/2017,379.41,24.43,36.57
3/30/2017,383.04,24.59,36.51
3/31/2017,383.51,24.34,36.55
4/3/2017,382.09,24.34,36.11
4/4/2017,380.80,24.37,35.95
4/5/2017,380.91,24.39,35.49
4/6/2017,384.10,24.67,35.58
4/7/2017,386.02,24.61,35.67
4/10/2017,385.89,24.56,35.88
4/11/2017,384.05,24.51,35.60
4/12/2017,381.44,24.27,35.32
4/13/2017,379.00,23.89,35.00
4/17/2017,383.80,24.00,35.46
4/18/2017,383.61,23.60,35.07
4/19/2017,377.10,23.82,34.95
4/20/2017,381.59,24.15,35.46
4/21/2017,378.06,23.88,35.45
4/24/2017,386.65,24.30,36.18
4/25/2017,388.19,24.50,36.29
4/26/2017,388.87,24.48,36.04
4/27/2017,390.71,24.47,35.29
4/28/2017,384.57,23.77,35.32
5/1/2017,383.00,24.18,35.48
5/2/2017,384.50,24.05,35.62
5/3/2017,384.29,24.07,35.53
5/4/2017,383.31,23.72,35.30
5/5/2017,383.76,24.11,35.76
5/8/2017,382.38,24.43,35.72
5/9/2017,380.50,23.68,35.59
5/10/2017,382.27,23.99,34.62
5/11/2017,382.87,23.78,34.00
5/12/2017,385.12,23.68,33.68
5/15/2017,389.36,23.75,33.83
5/16/2017,391.30,23.74,33.49
5/17/2017,383.67,22.88,32.62
5/18/2017,388.48,23.05,32.74
5/19/2017,393.32,23.06,33.19
5/22/2017,396.28,23.11,33.35
5/23/2017,395.97,23.21,33.40
5/24/2017,396.31,23.21,32.93
5/25/2017,406.36,23.12,32.99
5/26/2017,407.02,23.05,32.87
5/30/2017,406.82,22.84,32.90
5/31/2017,409.24,22.83,32.74
6/1/2017,413.38,23.35,33.07
6/2/2017,414.71,22.92,32.82
6/5/2017,414.22,22.88,32.72
6/6/2017,413.83,22.85,32.61
6/7/2017,413.80,22.96,33.61
6/8/2017,415.23,23.54,33.69
6/9/2017,418.50,23.66,34.10
6/12/2017,418.31,23.79,34.16
6/13/2017,419.31,24.23,34.29
6/14/2017,421.49,24.14,34.26
6/15/2017,422.37,24.13,34.04
6/16/2017,420.51,24.38,34.20
6/19/2017,428.38,24.55,34.56
6/20/2017,424.69,23.73,34.18
6/21/2017,420.74,23.39,33.70
6/22/2017,423.17,23.43,33.74
6/23/2017,421.62,23.39,33.87
6/26/2017,424.69,23.69,33.95
6/27/2017,422.13,24.12,34.29
6/28/2017,426.85,24.59,35.33
6/29/2017,423.24,24.45,35.46
6/30/2017,422.41,24.49,35.75
7/3/2017,428.82,25.10,35.68
7/5/2017,428.77,25.03,36.09
7/6/2017,425.19,24.92,35.88
7/7/2017,432.38,25.05,36.20
7/10/2017,436.24,24.91,36.51
7/11/2017,431.91,24.85,36.15
7/12/2017,435.29,24.89,36.58
7/13/2017,437.88,25.00,36.96
7/14/2017,438.34,24.99,37.28
7/17/2017,424.63,24.90,36.99
7/18/2017,426.88,24.87,37.12
7/19/2017,426.46,24.87,37.57
7/20/2017,427.28,24.73,37.72
7/21/2017,428.65,24.76,37.60
7/24/2017,428.32,25.09,37.90
7/25/2017,431.35,25.36,38.48
7/26/2017,432.71,25.11,38.23
7/27/2017,425.51,24.92,37.98
7/28/2017,424.00,24.38,38.31
7/31/2017,426.53,24.37,38.33
8/1/2017,429.98,24.38,38.46
8/2/2017,425.55,24.68,38.35
8/3/2017,426.01,24.60,38.26
8/4/2017,426.51,24.52,38.33
8/7/2017,427.87,24.46,38.35
8/8/2017,428.82,24.07,38.42
8/9/2017,431.34,23.93,38.19
8/10/2017,422.69,23.57,37.46
8/11/2017,424.16,23.14,38.13
8/14/2017,428.06,23.32,38.74
8/15/2017,428.25,23.17,38.56
8/16/2017,427.07,23.08,39.05
8/17/2017,419.94,22.36,38.48
8/18/2017,416.55,22.44,38.48
8/21/2017,415.37,22.45,38.41
8/22/2017,421.37,22.47,38.19
8/23/2017,418.07,22.48,38.21
8/24/2017,415.94,22.46,38.69
8/25/2017,416.37,22.68,38.90
8/28/2017,414.34,22.50,38.23
8/29/2017,414.13,22.18,38.39
8/30/2017,416.20,22.23,38.10
8/31/2017,419.01,22.17,38.39
9/1/2017,421.78,22.42,38.88
9/5/2017,413.65,21.62,38.18
9/6/2017,412.19,21.38,38.31
9/7/2017,414.25,20.85,38.23
9/8/2017,415.95,20.93,38.27
9/11/2017,424.04,21.28,38.82
9/12/2017,428.57,21.56,38.85
9/13/2017,425.52,21.45,38.53
9/14/2017,425.69,21.60,38.31
9/15/2017,428.72,21.46,38.60
9/18/2017,429.44,21.88,38.41
9/19/2017,432.39,22.74,38.89
9/20/2017,434.07,22.82,38.88
9/21/2017,433.63,22.91,39.14
9/22/2017,435.49,22.97,39.32
9/25/2017,437.63,23.09,39.27
9/26/2017,434.40,23.20,39.45
9/27/2017,438.40,23.41,39.80
9/28/2017,446.11,23.50,39.89
9/29/2017,447.09,23.64,39.82
10/2/2017,449.95,23.80,39.92
10/3/2017,450.79,23.85,39.96
10/4/2017,457.91,23.79,39.89
10/5/2017,464.43,23.79,39.82
10/6/2017,463.22,23.65,39.80
10/9/2017,462.45,23.51,39.84
10/10/2017,465.49,23.58,40.28
10/11/2017,473.93,23.65,39.89
10/12/2017,480.59,23.71,39.47
10/13/2017,475.49,23.67,39.63
10/16/2017,477.96,24.07,39.37
10/17/2017,475.55,24.01,39.47
10/18/2017,477.50,24.12,39.76
10/19/2017,476.79,24.14,39.91
10/20/2017,476.62,24.35,39.62
10/23/2017,474.39,23.92,39.59
10/24/2017,473.72,24.09,39.75
10/25/2017,469.15,23.81,39.38
10/26/2017,473.48,23.90,39.33
10/27/2017,475.13,24.11,39.33
10/30/2017,472.29,23.70,38.98
10/31/2017,470.83,23.68,38.93
11/1/2017,469.29,23.71,38.97
11/2/2017,474.92,23.82,39.18
11/3/2017,479.11,24.10,39.46
11/6/2017,475.61,24.32,39.62
11/7/2017,473.37,24.23,39.15
11/8/2017,472.20,24.37,38.83
11/9/2017,466.60,24.39,39.13
11/10/2017,465.83,24.02,38.88
11/13/2017,465.11,24.01,38.93
11/14/2017,470.45,23.70,38.90
11/15/2017,470.50,23.65,38.86
11/16/2017,474.02,23.45,39.35
11/17/2017,473.99,23.52,39.35
11/20/2017,474.77,23.98,39.52
11/21/2017,481.36,24.03,39.74
11/22/2017,478.94,23.74,39.63
11/24/2017,479.74,24.04,39.80
11/27/2017,481.96,24.03,39.62
11/28/2017,493.06,24.82,39.26
11/29/2017,500.82,24.93,39.57
11/30/2017,501.19,24.63,39.54
12/1/2017,502.08,24.74,40.35
12/4/2017,513.50,24.70,40.49
12/5/2017,512.12,24.33,40.52
12/6/2017,511.82,24.28,40.37
12/7/2017,512.41,24.34,40.61
12/8/2017,515.49,24.43,40.74
12/11/2017,512.13,24.39,40.87
12/12/2017,517.73,24.44,40.82
12/13/2017,512.55,23.88,40.65
12/14/2017,506.75,23.83,40.57
12/15/2017,511.87,24.03,40.56
12/18/2017,518.86,24.21,40.75
12/19/2017,515.82,24.07,40.53
12/20/2017,514.55,24.73,40.54
12/21/2017,513.59,24.77,40.87
12/22/2017,512.12,24.53,40.75
12/26/2017,513.72,24.83,40.93
12/27/2017,514.32,24.74,40.91
12/28/2017,517.98,24.95,41.02
12/29/2017,513.71,24.80,41.26
1/2/2018,508.97,25.07,41.12
1/3/2018,514.34,24.98,41.10
1/4/2018,521.13,25.12,41.64
1/5/2018,525.57,25.16,41.86
1/8/2018,529.49,25.51,41.54
1/9/2018,533.94,25.84,41.34
1/10/2018,531.57,26.06,41.40
1/11/2018,537.92,26.19,41.53
1/12/2018,555.53,26.14,41.95
1/16/2018,563.00,25.79,43.44
1/17/2018,576.51,26.04,43.85
1/18/2018,579.22,25.86,43.65
1/19/2018,590.26,26.22,44.06
1/22/2018,593.26,26.13,44.15
1/23/2018,589.68,25.87,44.09
1/24/2018,587.67,25.78,44.03
1/25/2018,575.50,25.68,43.57
1/26/2018,586.80,25.86,43.85
1/29/2018,574.42,25.44,43.33
1/30/2018,562.29,25.36,43.14
1/31/2018,561.80,25.34,43.37
2/1/2018,565.19,25.30,43.58
2/2/2018,548.32,24.61,42.52
2/5/2018,524.97,23.19,41.12
2/6/2018,535.22,23.15,41.38
2/7/2018,532.26,23.41,41.41
2/8/2018,509.38,22.33,40.62
2/9/2018,521.51,22.70,40.66
2/12/2018,525.38,23.25,41.01
2/13/2018,521.27,23.03,40.83
2/14/2018,539.94,23.61,41.33
2/15/2018,540.65,23.34,42.52
2/16/2018,541.10,23.37,42.82
2/20/2018,542.60,23.50,42.52
2/21/2018,543.56,23.38,43.14
2/22/2018,539.53,22.92,42.49
2/23/2018,549.75,23.37,42.82
2/26/2018,563.97,23.42,42.78
2/27/2018,552.77,22.99,42.23
2/28/2018,549.43,22.46,41.17
3/1/2018,535.58,22.13,40.84
3/2/2018,537.58,22.29,40.85
3/5/2018,545.26,22.39,41.33
3/6/2018,548.66,22.53,41.93
3/7/2018,547.43,22.47,41.91
3/8/2018,553.39,22.45,42.13
3/9/2018,577.18,22.93,42.58
3/12/2018,571.79,22.93,42.46
3/13/2018,564.06,22.75,42.03
3/14/2018,558.96,22.75,42.21
3/15/2018,557.93,22.85,42.29
3/16/2018,563.66,23.07,42.24
3/19/2018,553.83,22.47,42.04
3/20/2018,557.52,21.71,42.24
3/21/2018,564.16,21.68,42.92
3/22/2018,539.42,20.93,41.80
3/23/2018,521.13,20.45,41.15
3/26/2018,540.72,21.04,41.43
3/27/2018,532.11,20.73,40.82
3/28/2018,528.03,21.01,40.59
3/29/2018,541.72,21.28,41.12
4/2/2018,519.00,20.69,40.64
4/3/2018,528.73,20.86,40.81
4/4/2018,536.31,20.83,40.88
4/5/2018,538.40,21.04,40.97
4/6/2018,519.92,20.38,40.33
4/9/2018,521.14,22.74,40.73
4/10/2018,533.96,22.82,41.04
4/11/2018,525.31,22.76,40.84
4/12/2018,533.01,22.80,40.92
4/13/2018,524.77,22.75,40.40
4/16/2018,524.85,23.06,40.75
4/17/2018,526.84,22.96,40.60
4/18/2018,523.22,22.77,40.67
4/19/2018,525.06,22.57,40.72
4/20/2018,524.42,22.48,40.65
4/23/2018,519.85,22.86,40.59
4/24/2018,513.70,22.69,40.89
4/25/2018,512.22,22.90,40.84
4/26/2018,522.72,22.76,41.31
4/27/2018,524.65,22.50,41.51
4/30/2018,521.50,22.50,41.28
5/1/2018,517.97,22.52,41.39
5/2/2018,514.79,22.73,41.13
5/3/2018,511.67,22.46,40.61
5/4/2018,520.40,22.89,41.04
5/7/2018,523.60,23.06,40.99
5/8/2018,519.93,22.88,40.82
5/9/2018,531.35,23.06,40.66
5/10/2018,536.26,23.21,41.79
5/11/2018,540.43,22.99,42.60
5/14/2018,539.76,23.00,43.05
5/15/2018,533.21,22.27,42.95
5/16/2018,533.90,22.00,43.42
5/17/2018,535.58,21.94,43.58
5/18/2018,538.49,21.94,43.37
5/21/2018,543.48,21.74,43.57
5/22/2018,546.88,22.01,43.44
5/23/2018,542.66,21.97,43.09
5/24/2018,540.83,21.60,42.87
5/25/2018,539.61,21.75,42.43
5/29/2018,524.26,20.77,40.88
5/30/2018,534.29,20.79,41.60
5/31/2018,534.23,20.48,41.33
6/1/2018,539.06,20.67,41.45
6/4/2018,540.67,20.54,41.66
6/5/2018,534.38,20.55,41.78
6/6/2018,551.86,21.34,42.07
6/7/2018,549.14,21.53,42.27
6/8/2018,549.41,21.60,42.56
6/11/2018,549.06,21.62,42.39
6/12/2018,547.11,21.64,41.86
6/13/2018,532.17,21.12,42.17
6/14/2018,523.36,21.07,41.80
6/15/2018,524.52,20.80,41.60
6/18/2018,527.54,20.79,41.31
6/19/2018,526.61,20.97,41.02
6/20/2018,526.58,21.53,41.09
6/21/2018,524.98,21.50,40.74
6/22/2018,522.74,21.84,40.91
6/25/2018,515.14,21.64,39.94
6/26/2018,510.85,21.75,39.65
6/27/2018,503.53,21.27,39.47
6/28/2018,501.77,21.39,39.44
6/29/2018,499.04,21.29,40.14
7/2/2018,499.52,21.06,39.89
7/3/2018,491.29,21.11,39.94
7/5/2018,491.98,21.17,39.99
7/6/2018,491.69,21.31,40.28
7/9/2018,504.10,21.74,40.50
7/10/2018,504.93,21.64,40.67
7/11/2018,502.90,21.46,39.93
7/12/2018,506.67,21.19,40.48
7/13/2018,507.09,21.16,40.42
7/16/2018,503.96,21.24,40.63
7/17/2018,504.88,21.10,40.69
7/18/2018,510.85,21.29,40.82
7/19/2018,504.89,21.45,40.27
7/20/2018,502.78,21.31,40.36
7/23/2018,508.51,21.34,40.55
7/24/2018,508.89,21.59,40.52
7/25/2018,512.49,21.38,40.94
7/26/2018,505.11,21.60,40.63
7/27/2018,502.92,23.18,40.59
7/30/2018,500.18,23.07,40.68
7/31/2018,502.76,22.70,40.89
8/1/2018,479.45,22.34,40.87
8/2/2018,475.31,22.17,40.43
8/3/2018,482.40,22.94,40.24
8/6/2018,483.46,22.87,40.11
8/7/2018,487.46,22.83,39.46
8/8/2018,487.05,22.79,39.95
8/9/2018,484.10,22.74,39.89
8/10/2018,478.95,22.16,39.19
8/13/2018,475.39,21.78,38.85
8/14/2018,477.21,22.25,39.75
8/15/2018,470.82,21.95,39.84
8/16/2018,474.61,22.28,40.16
8/17/2018,474.15,21.95,40.61
8/20/2018,475.56,21.98,40.41
8/21/2018,474.93,22.14,40.24
8/22/2018,478.02,21.89,40.36
8/23/2018,470.46,21.71,40.00
8/24/2018,477.51,21.96,40.29
8/27/2018,483.61,22.35,40.66
8/28/2018,483.35,22.54,40.22
8/29/2018,485.22,22.25,40.42
8/30/2018,475.27,21.91,40.36
8/31/2018,479.06,21.74,39.74
9/4/2018,475.78,21.83,39.09
9/5/2018,478.24,22.03,39.05
9/6/2018,471.96,21.71,39.14
9/7/2018,471.44,21.56,38.55
9/10/2018,473.75,21.37,38.55
9/11/2018,471.13,21.45,38.66
9/12/2018,470.01,21.44,38.71
9/13/2018,468.98,21.43,38.74
9/14/2018,476.06,21.87,38.79
9/17/2018,470.90,21.67,39.05
9/18/2018,472.20,21.60,39.52
9/19/2018,483.54,21.74,40.48
9/20/2018,487.14,22.18,40.52
9/21/2018,487.61,22.02,40.48
9/24/2018,482.07,21.70,40.22
9/25/2018,479.09,21.24,39.98
9/26/2018,474.83,20.80,40.10
9/27/2018,477.89,20.59,39.87
9/28/2018,471.33,20.56,39.76
10/1/2018,473.47,20.52,39.99
10/2/2018,477.21,20.65,39.55
10/3/2018,474.37,20.82,39.62
10/4/2018,474.15,21.46,39.76
10/5/2018,470.86,21.30,39.28
10/8/2018,471.46,21.47,38.85
10/9/2018,459.71,21.24,39.22
10/10/2018,426.76,20.81,38.19
10/11/2018,417.68,19.44,37.00
10/12/2018,427.70,19.35,36.95
10/15/2018,426.94,19.58,36.76
10/16/2018,408.00,20.10,37.09
10/17/2018,411.85,20.31,37.27
10/18/2018,399.87,20.02,36.96
10/19/2018,401.65,20.07,37.61
10/22/2018,392.36,19.53,37.69
10/23/2018,387.49,19.18,37.47
10/24/2018,378.66,18.78,36.25
10/25/2018,391.96,18.78,36.80
10/26/2018,386.93,19.06,36.41
10/29/2018,390.65,19.26,36.07
10/30/2018,403.83,19.69,36.78
10/31/2018,411.42,20.10,36.60
11/1/2018,412.99,20.04,36.82
11/2/2018,409.76,19.88,37.40
11/5/2018,411.00,20.15,37.30
11/6/2018,413.43,20.54,37.32
11/7/2018,424.73,20.63,37.67
11/8/2018,421.39,20.54,37.00
11/9/2018,413.95,20.58,36.68
11/12/2018,405.42,20.00,36.67
11/13/2018,407.31,19.87,36.83
11/14/2018,401.98,19.69,36.61
11/15/2018,406.88,19.90,37.20
11/16/2018,411.00,20.03,36.97
11/19/2018,407.78,19.90,36.76
11/20/2018,402.92,19.40,35.84
11/21/2018,407.62,19.66,36.52
11/23/2018,406.61,19.46,36.42
11/26/2018,418.49,20.16,36.75
11/27/2018,417.16,20.14,35.90
11/28/2018,427.27,20.60,36.91
11/29/2018,422.94,20.57,36.54
11/30/2018,428.01,20.45,36.79
12/3/2018,434.87,20.24,37.09
12/4/2018,408.75,18.82,35.98
12/6/2018,400.23,18.31,34.51
12/7/2018,393.10,17.80,34.24
12/10/2018,393.26,17.45,33.88
12/11/2018,385.66,17.34,33.62
12/12/2018,390.07,17.50,33.87
12/13/2018,387.27,17.24,33.75
12/14/2018,382.30,16.51,33.48
12/17/2018,378.25,16.47,32.69
12/18/2018,383.35,16.45,32.97
12/19/2018,372.19,16.30,32.59
12/20/2018,371.67,15.88,32.62
12/21/2018,369.16,15.72,32.08
12/24/2018,361.77,15.34,31.92
12/26/2018,381.23,16.24,33.00
12/27/2018,387.80,16.32,32.58
12/28/2018,388.23,16.31,32.58
12/31/2018,392.82,16.25,33.19
1/2/2019,389.42,16.57,33.23
1/3/2019,377.98,16.25,33.02
1/4/2019,391.82,17.01,33.70
1/7/2019,392.91,17.12,33.95
1/8/2019,397.91,17.28,33.97
1/9/2019,400.19,17.33,35.06
1/10/2019,399.50,17.66,35.38
1/11/2019,397.91,17.87,35.45
1/14/2019,396.42,18.07,35.29
1/15/2019,400.71,18.23,35.63
1/16/2019,413.04,18.60,36.06
1/17/2019,412.52,18.63,36.39
1/18/2019,419.45,19.08,36.80
1/22/2019,413.60,18.74,35.90
1/23/2019,408.48,18.57,35.97
1/24/2019,406.56,18.75,35.62
1/25/2019,409.95,19.07,35.93
1/28/2019,405.36,19.21,36.11
1/29/2019,407.62,19.26,36.00
1/30/2019,408.33,19.60,36.15
1/31/2019,415.08,19.48,36.09
2/1/2019,416.81,19.37,36.36
2/4/2019,417.98,19.55,36.18
2/5/2019,417.56,19.44,36.43
2/6/2019,416.39,19.26,36.10
2/7/2019,415.01,18.79,35.76
2/8/2019,411.76,18.58,35.68
2/11/2019,412.70,18.79,35.09
2/12/2019,425.51,19.17,35.50
2/13/2019,427.45,19.32,34.96
2/14/2019,423.38,19.05,35.25
2/15/2019,431.95,19.68,37.01
2/19/2019,431.07,19.68,37.10
2/20/2019,437.22,19.52,37.62
2/21/2019,435.02,19.13,37.59
2/22/2019,436.72,18.95,37.81
2/25/2019,438.93,18.99,38.23
2/26/2019,440.53,19.07,38.41
2/27/2019,442.01,19.12,38.88
2/28/2019,443.22,18.97,37.80
3/1/2019,443.77,19.24,37.88
3/4/2019,437.33,18.75,38.14
3/5/2019,432.52,18.59,38.11
3/6/2019,429.86,18.29,37.92
3/7/2019,423.19,17.67,37.62
3/8/2019,421.31,17.74,37.55
3/11/2019,428.10,17.94,37.75
3/12/2019,427.84,18.13,37.96
3/13/2019,431.84,18.46,38.26
3/14/2019,433.63,18.23,37.98
3/15/2019,433.55,18.19,38.32
3/18/2019,440.48,18.63,38.64
3/19/2019,434.57,18.49,38.99
3/20/2019,429.92,18.08,38.51
3/21/2019,430.36,17.99,38.41
3/22/2019,417.36,17.29,37.45
3/25/2019,415.41,17.23,37.48
3/26/2019,422.67,17.53,37.78
3/27/2019,419.64,17.50,38.13
3/28/2019,424.97,17.63,38.19
3/29/2019,427.37,17.59,38.41
4/1/2019,438.39,18.04,39.15
4/2/2019,436.45,18.14,39.13
4/3/2019,439.07,18.40,39.44
4/4/2019,441.84,18.62,39.31
4/5/2019,445.10,18.77,39.45
4/8/2019,446.14,18.80,39.73
4/9/2019,439.81,18.55,39.38
4/10/2019,442.76,18.66,39.52
4/11/2019,446.11,18.52,39.81
4/12/2019,454.35,19.06,40.17
4/15/2019,451.86,18.86,40.21
4/16/2019,466.54,18.78,40.81
4/17/2019,467.49,18.96,40.84
4/18/2019,465.69,18.87,40.97
4/22/2019,464.02,18.63,41.00
4/23/2019,474.03,18.82,41.19
4/24/2019,480.17,18.96,40.71
4/25/2019,474.45,18.96,40.96
4/26/2019,478.98,19.11,40.99
4/29/2019,479.84,19.27,41.33
4/30/2019,485.24,19.26,41.53